Workbook

Sheet สรุปภาพรวม
A1: สรุปภาพรวมค่าใช้จ่าย — ณ บ้านใหม่ ไออุ่น
A2: เปรียบเทียบกรกฎาคม–สิงหาคม (ข้อมูลจากไฟล์ที่อัปโหลด)
A4: รายการ | B4: กรกฎาคม | C4: สิงหาคม* | D4: หมายเหตุ
A5: ค่าของ / ซื้อของ (วัตถุดิบ) | B5: =กรกฎาคม!B36 -> 108659 | C5: =สิงหาคม!C36 -> 12990
A6: น้ำแข็ง | B6: =กรกฎาคม!C36 -> 4090
A7: วี | B7: =กรกฎาคม!D36 -> 3800 | C7: =สิงหาคม!E36 -> 500
A8: ค่าแรง | B8: =กรกฎาคม!E36 -> 25420
A9: เดะ | B9: =กรกฎาคม!F36 -> 7090 | C9: =สิงหาคม!F36 -> 1000
A10: ค่าไฟ | B10: =กรกฎาคม!G36 -> 7272
A11: ค่าเน็ต | B11: =กรกฎาคม!H36 -> 1068
A12: ค่าพนักงาน | C12: =สิงหาคม!D36 -> 600
A13: ค่าอุปกรณ์ | C13: =สิงหาคม!G36 -> 877
A14: ค่าคนงาน | C14: =สิงหาคม!H36 -> 4000
A16: ยอดขาย | B16: =กรกฎาคม!D38 -> 153819 | C16: =สิงหาคม!D38 -> 22437
A17: รวมค่าใช้จ่ายทั้งหมด | B17: =กรกฎาคม!D39 -> 157399 | C17: =สิงหาคม!D39 -> 19967
A18: กำไร (ขาดทุน) สุทธิ | B18: =B16-B17 -> -3580 | C18: =C16-C17 -> 2470
A20: * เดือนสิงหาคม มีข้อมูลครบเฉพาะวันที่ 1-5 เท่านั้น (ข้อมูล ณ วันที่บันทึกไฟล์) ตัวเลขจึงยังไม่ใช่ยอดเต็มเดือน
A21: * เดือนกรกฎาคมไม่มีการบันทึกยอดขายรายวัน มีเฉพาะยอดขายรวมทั้งเดือนจากไฟล์ต้นฉบับ
A22: * คอลัมน์วันที่ในเดือนสิงหาคม (ไฟล์ต้นฉบับ) มีปีคลาดเคลื่อนเป็น ค.ศ. 1969 — ปรับให้แสดงเฉพาะวันในเดือนแล้ว
A23: * ช่องว่าง (None/สีเทา) หมายถึงหมวดนั้นไม่ได้ถูกบันทึกในเดือนนั้น ไม่ใช่ค่าเท่ากับศูนย์เสมอไป

Sheet กรกฎาคม
A1: ค่าใช้จ่ายประจำเดือนกรกฎาคม — ณ บ้านใหม่ ไออุ่น
A2: ยอดยกมาจากเดือนก่อน: ค้างเดะ3090
A4: วันที่ | B4: ค่าของ | C4: น้ำแข็ง | D4: วี | E4: ค่าแรง | F4: เดะ | G4: ค่าไฟ | H4: ค่าเน็ต | I4: รวมรายจ่าย/วัน | J4: หมายเหตุ
A5: 1 | B5: =5309-120 -> 5189 | C5: 120 | D5: 100 | E5: 400 | I5: =SUM(B5:H5) -> 5809
A6: 2 | B6: 810 | C6: 80 | D6: 100 | E6: 1100 | F6: 1090 | I6: =SUM(B6:H6) -> 3180
A7: 3 | I7: =SUM(B7:H7) -> 0
A8: 4 | B8: 787 | C8: 240 | D8: 100 | E8: 300 | I8: =SUM(B8:H8) -> 1427 | J8: ค้างกะแว 3414 / ค้าง 3414
A9: 5 | B9: 9779 | C9: 160 | D9: 100 | E9: 700 | I9: =SUM(B9:H9) -> 10739
A10: 6 | B10: =3655+2138 -> 5793 | C10: 160 | D10: 100 | E10: 300 | I10: =SUM(B10:H10) -> 6353 | J10: คืนสูน้องสำรองจาย
A11: 7 | B11: 2024 | C11: 160 | D11: 100 | F11: 1000 | I11: =SUM(B11:H11) -> 3284
A12: 8 | B12: 2043 | C12: 120 | D12: 100 | E12: 80 | F12: 1000 | I12: =SUM(B12:H12) -> 3343 | J12: เคลียร์ยอดงด.เดะหมด
A13: 9 | B13: 1914 | C13: 120 | D13: 100 | E13: 4320 | F13: ครบ | I13: =SUM(B13:H13) -> 6454
A14: 10 | I14: =SUM(B14:H14) -> 0
A15: 11 | B15: 6225 | C15: 200 | D15: 200 | I15: =SUM(B15:H15) -> 6625
A16: 12 | B16: 3246 | C16: 160 | D16: 100 | I16: =SUM(B16:H16) -> 3506
A17: 13 | B17: 3606 | C17: 160 | D17: 100 | E17: 600 | I17: =SUM(B17:H17) -> 4466
A18: 14 | B18: 2940 | C18: 160 | D18: 100 | E18: 90 | G18: 3272 | I18: =SUM(B18:H18) -> 6562 | J18: คืนซา2000
A19: 15 | B19: 3809 | C19: 120 | D19: 100 | E19: 100 | I19: =SUM(B19:H19) -> 4129
A20: 16 | B20: 3821 | C20: 160 | D20: 100 | E20: 5300 | I20: =SUM(B20:H20) -> 9381 | J20: คืนซา 1000+800
A21: 17 | I21: =SUM(B21:H21) -> 0
A22: 18 | B22: 7561 | C22: 200 | D22: 200 | E22: 220 | I22: =SUM(B22:H22) -> 8181
A23: 19 | B23: 7748 | C23: 160 | D23: 100 | E23: 510 | H23: 1068 | I23: =SUM(B23:H23) -> 9586
A24: 20 | B24: 4659 | C24: 210 | D24: 100 | I24: =SUM(B24:H24) -> 4969
A25: 21 | B25: 1730 | C25: 160 | D25: 100 | I25: =SUM(B25:H25) -> 1990
A26: 22 | B26: 1146 | C26: 120 | D26: 100 | I26: =SUM(B26:H26) -> 1366
A27: 23 | B27: 1362 | C27: 120 | D27: 100 | E27: 5100 | I27: =SUM(B27:H27) -> 6682
A28: 24 | I28: =SUM(B28:H28) -> 0
A29: 25 | B29: 7728 | C29: 200 | D29: 100 | I29: =SUM(B29:H29) -> 8028
A30: 26 | B30: 1801 | C30: 160 | D30: 100 | E30: 600 | I30: =SUM(B30:H30) -> 2661
A31: 27 | B31: 5780 | C31: 120 | D31: 100 | E31: 100 | I31: =SUM(B31:H31) -> 6100
A32: 28 | B32: 3880 | C32: 160 | D32: 100 | I32: =SUM(B32:H32) -> 4140
A33: 29 | B33: 8995 | C33: 160 | D33: 100 | E33: 2100 | I33: =SUM(B33:H33) -> 11355
A34: 30 | B34: 4283 | C34: 200 | D34: 1100 | E34: 3500 | F34: 4000 | G34: 4000 | I34: =SUM(B34:H34) -> 17083 | J34: งด.เดะ4000 / สูบัด4000
A35: 31 | I35: =SUM(B35:H35) -> 0
A36: รวม | B36: =SUM(B5:B35) -> 108659 | C36: =SUM(C5:C35) -> 4090 | D36: =SUM(D5:D35) -> 3800 | E36: =SUM(E5:E35) -> 25420 | F36: =SUM(F5:F35) -> 7090 | G36: =SUM(G5:G35) -> 7272 | H36: =SUM(H5:H35) -> 1068 | I36: =SUM(I5:I35) -> 157399
A38: ยอดขายทั้งเดือน | D38: 153819
A39: รวมค่าใช้จ่ายทั้งเดือน | D39: =I36 -> 157399
A40: กำไร (ขาดทุน) สุทธิ | D40: =D38-D39 -> -3580

Sheet สิงหาคม
A1: ค่าใช้จ่ายประจำเดือนสิงหาคม — ณ บ้านใหม่ ไออุ่น
A2: ยอดยกมาจากเดือนก่อน: ค้าง 4000 | หมายเหตุ: ปรับคอลัมน์วันที่ให้แสดงเฉพาะวันในเดือน เนื่องจากไฟล์ต้นฉบับมีปีคลาดเคลื่อน (แสดงเป็น ค.ศ. 1969) — โปรดตรวจสอบปีที่ถูกต้องอีกครั้ง
A4: วันที่ | B4: ขาย | C4: ซื้อของ | D4: ค่าพนักงาน | E4: วี | F4: เดะ | G4: ค่าอุปกรณ์ | H4: ค่าคนงาน | I4: รวมรายจ่าย/วัน | J4: กำไร(ขาดทุน)/วัน | K4: หมายเหตุ
A5: 1 | B5: 4727 | C5: 350 | E5: 100 | I5: =SUM(C5:H5) -> 450 | J5: =B5-I5 -> 4277
A6: 2 | B6: 5439 | C6: 933 | D6: 600 | F6: 1000 | G6: 877 | I6: =SUM(C6:H6) -> 3410 | J6: =B6-I6 -> 2029
A7: 3 | B7: 5999 | C7: 2080 | E7: 200 | I7: =SUM(C7:H7) -> 2280 | J7: =B7-I7 -> 3719
A8: 4 | B8: 1422 | C8: 9337 | E8: 100 | I8: =SUM(C8:H8) -> 9437 | J8: =B8-I8 -> -8015 | K8: *มัทฉะกาแฟเก็บออม7485
A9: 5 | B9: 4850 | C9: 290 | E9: 100 | H9: 4000 | I9: =SUM(C9:H9) -> 4390 | J9: =B9-I9 -> 460 | K9: จ่ายบังนัน
A10: 6 | I10: =SUM(C10:H10) -> 0 | J10: =B10-I10 -> 0
A11: 7 | I11: =SUM(C11:H11) -> 0 | J11: =B11-I11 -> 0
A12: 8 | I12: =SUM(C12:H12) -> 0 | J12: =B12-I12 -> 0
A13: 9 | I13: =SUM(C13:H13) -> 0 | J13: =B13-I13 -> 0
A14: 10 | I14: =SUM(C14:H14) -> 0 | J14: =B14-I14 -> 0
A15: 11 | I15: =SUM(C15:H15) -> 0 | J15: =B15-I15 -> 0
A16: 12 | I16: =SUM(C16:H16) -> 0 | J16: =B16-I16 -> 0
A17: 13 | I17: =SUM(C17:H17) -> 0 | J17: =B17-I17 -> 0
A18: 14 | I18: =SUM(C18:H18) -> 0 | J18: =B18-I18 -> 0
A19: 15 | I19: =SUM(C19:H19) -> 0 | J19: =B19-I19 -> 0
A20: 16 | I20: =SUM(C20:H20) -> 0 | J20: =B20-I20 -> 0
A21: 17 | I21: =SUM(C21:H21) -> 0 | J21: =B21-I21 -> 0
... A35: 31 | I35: =SUM(C35:H35) -> 0 | J35: =B35-I35 -> 0
A36: รวม | B36: =SUM(B5:B35) -> 22437 | C36: =SUM(C5:C35) -> 12990 | D36: =SUM(D5:D35) -> 600 | E36: =SUM(E5:E35) -> 500 | F36: =SUM(F5:F35) -> 1000 | G36: =SUM(G5:G35) -> 877 | H36: =SUM(H5:H35) -> 4000 | I36: =SUM(I5:I35) -> 19967
A38: ยอดขายทั้งเดือน | D38: =B36 -> 22437
A39: รวมค่าใช้จ่ายทั้งเดือน | D39: =I36 -> 19967
A40: กำไร (ขาดทุน) สุทธิ | D40: =D38-D39 -> 2470
A41: * ข้อมูลเดือนสิงหาคมมีครบเฉพาะวันที่ 1-5 เท่านั้น (ข้อมูล ณ วันที่บันทึกไฟล์)
